penguin_id,species,island,bill_length_mm,bill_depth_mm,flipper_length_mm,sex,year,body_mass_g
P0272,Gentoo,Biscoe,50.4,15.7,222,male,2009,5750
P0027,Adelie,Biscoe,40.5,17.9,187,female,2007,3200
P0328,Chinstrap,Dream,50.7,19.7,203,male,2009,4050
P0292,Chinstrap,Dream,58,17.8,181,female,2007,3700
P0072,Adelie,Torgersen,39.6,17.2,196,female,2008,3550
P0145,Adelie,Dream,39,18.7,185,male,2009,3650
P0136,Adelie,Dream,35.6,17.5,191,female,2009,3175
P0076,Adelie,Torgersen,40.9,16.8,191,female,2008,3700
P0127,Adelie,Torgersen,41.5,18.3,195,male,2009,4300
P0066,Adelie,Biscoe,35.5,16.2,195,female,2008,3350
P0098,Adelie,Dream,33.1,16.1,178,female,2008,2900
P0224,Gentoo,Biscoe,48.2,15.6,221,male,2008,5100
P0020,Adelie,Biscoe,37.8,18.3,174,female,2007,3400
P0173,Gentoo,Biscoe,45.1,14.5,215,female,2007,5000
P0188,Gentoo,Biscoe,42.6,13.7,213,female,2008,4950
P0166,Gentoo,Biscoe,45.8,14.6,210,female,2007,4200
P0147,Adelie,Dream,36.6,18.4,184,female,2009,3475
P0061,Adelie,Biscoe,,21.1,195,male,2008,4400
P0225,Gentoo,Biscoe,46.5,14.8,217,female,2008,5200
P0010,Adelie,Torgersen,37.8,17.1,186,,2007,3300
P0029,Adelie,Biscoe,40.5,18.9,180,male,2007,3950
P0008,Adelie,Torgersen,34.1,18.1,193,,2007,3475
P0048,Adelie,Dream,36,17.9,190,female,2007,3450
P0306,Chinstrap,Dream,54.2,20.8,201,male,2008,4300
P0199,Gentoo,Biscoe,50.5,15.9,225,male,2008,5400
P0168,Gentoo,Biscoe,42,13.5,210,female,2007,4150
P0086,Adelie,Dream,36.3,19.5,190,male,2008,3800
P0221,Gentoo,Biscoe,50.7,15,223,male,2008,5550
P0254,Gentoo,Biscoe,47.2,15.5,215,female,2009,4975
P0156,Gentoo,Biscoe,47.6,14.5,215,male,2007,5400
P0298,Chinstrap,Dream,50.6,19.4,193,male,2007,3800
P0164,Gentoo,Biscoe,,13.7,214,female,2007,4650
P0096,Adelie,Dream,38.1,18.6,190,female,2008,3700
P0093,Adelie,Dream,39.6,18.1,186,male,2008,4450
P0105,Adelie,Biscoe,39.7,18.9,184,male,2009,3550
P0049,Adelie,Dream,42.3,21.2,191,male,2007,4150
P0243,Gentoo,Biscoe,52.2,17.1,228,male,2009,5400
P0261,Gentoo,Biscoe,48.1,15.1,209,male,2009,5500
P0211,Gentoo,Biscoe,50.4,15.3,224,male,2008,5550
P0176,Gentoo,Biscoe,42.9,13.1,215,female,2007,5000
P0264,Gentoo,Biscoe,43.5,15.2,213,female,2009,4650
P0033,Adelie,Dream,40.9,18.9,184,male,2007,3900
P0119,Adelie,Torgersen,41.1,18.6,189,male,2009,3325
P0265,Gentoo,Biscoe,51.5,16.3,230,male,2009,5500
P0155,Gentoo,Biscoe,50,15.2,218,male,2007,5700
P0259,Gentoo,Biscoe,53.4,15.8,219,male,2009,5500
P0090,Adelie,Dream,35.7,18,202,female,2008,3550
P0071,Adelie,Torgersen,39.7,18.4,190,male,2008,3900
P0142,Adelie,Dream,32.1,15.5,188,female,2009,3050
P0074,Adelie,Torgersen,35.5,17.5,190,female,2008,3700
P0102,Adelie,Biscoe,37.7,16,183,female,2009,3075
P0094,Adelie,Dream,36.2,17.3,187,female,2008,3300
P0056,Adelie,Biscoe,39,17.5,186,female,2008,3550
P0117,Adelie,Torgersen,37.3,20.5,199,male,2009,3775
P0169,Gentoo,Biscoe,49.2,15.2,221,male,2007,6300
P0152,Gentoo,Biscoe,46.1,13.2,211,female,2007,4500
P0228,Gentoo,Biscoe,47.5,14.2,209,female,2008,4600
P0065,Adelie,Biscoe,41.6,18,192,male,2008,3950
P0174,Gentoo,Biscoe,46.5,14.5,213,female,2007,4400
P0111,Adelie,Biscoe,45.6,20.3,191,male,2009,4600
P0274,Gentoo,Biscoe,49.9,16.1,213,male,2009,5400
P0202,Gentoo,Biscoe,46.6,14.2,210,female,2008,4850
P0121,Adelie,Torgersen,37.7,19.8,198,male,2009,3500
P0088,Adelie,Dream,38.3,19.2,189,male,2008,3950
P0304,Chinstrap,Dream,52.8,20,205,male,2008,4550
P0015,Adelie,Torgersen,36.6,17.8,185,female,2007,3700
P0080,Adelie,Torgersen,34.6,17.2,189,female,2008,3200
P0277,Chinstrap,Dream,51.3,19.2,193,male,2007,3650
P0110,Adelie,Biscoe,38.1,16.5,198,female,2009,3825
P0316,Chinstrap,Dream,46.2,17.5,187,female,2008,3650
P0160,Gentoo,Biscoe,43.3,13.4,209,female,2007,4400
P0099,Adelie,Dream,43.2,18.5,192,male,2008,4100
P0070,Adelie,Torgersen,33.5,19,190,female,2008,3600
P0139,Adelie,Dream,39.7,17.9,193,male,2009,4250
P0043,Adelie,Dream,44.1,19.7,196,male,2007,4400
P0059,Adelie,Biscoe,37.6,19.1,194,male,2008,3750
P0271,Gentoo,Biscoe,46.8,14.3,215,female,2009,4850
P0245,Gentoo,Biscoe,49.5,16.1,224,male,2009,5650
P0030,Adelie,Dream,39.5,16.7,178,female,2007,3250
P0114,Adelie,Biscoe,39.6,20.7,191,female,2009,3900
P0144,Adelie,Dream,37.3,16.8,192,female,2009,3000
P0036,Adelie,Dream,38.8,20,190,male,2007,3950
P0146,Adelie,Dream,39.2,18.6,190,male,2009,4250
P0299,Chinstrap,Dream,46.7,17.9,195,female,2007,3300
P0016,Adelie,Torgersen,38.7,19,195,female,2007,3450
P0332,Chinstrap,Dream,,19.9,203,male,2009,4050
P0186,Gentoo,Biscoe,49.1,14.8,220,female,2008,5150
P0230,Gentoo,Biscoe,45.2,13.8,215,female,2008,4750
P0333,Chinstrap,Dream,50.2,18.8,202,male,2009,3800
P0340,Chinstrap,Dream,49.6,18.2,193,male,2009,3775
P0223,Gentoo,Biscoe,46.4,15.6,221,male,2008,5000
P0037,Adelie,Dream,42.2,18.5,180,female,2007,3550
P0291,Chinstrap,Dream,50.3,20,197,male,2007,3300
P0200,Gentoo,Biscoe,44.9,13.3,213,female,2008,5100
P0135,Adelie,Dream,41.1,17.5,190,male,2009,3900
P0321,Chinstrap,Dream,50.1,17.9,190,female,2009,3400
P0023,Adelie,Biscoe,38.2,18.1,185,male,2007,3950
P0219,Gentoo,Biscoe,49.5,16.2,229,male,2008,5800
P0325,Chinstrap,Dream,48.1,16.4,199,female,2009,3325
P0141,Adelie,Dream,40.6,17.2,187,male,2009,3475
P0196,Gentoo,Biscoe,50.5,15.9,222,male,2008,5550
P0011,Adelie,Torgersen,37.8,17.3,180,,2007,3700
P0054,Adelie,Biscoe,34.5,18.1,187,female,2008,2900
P0194,Gentoo,Biscoe,45.3,13.7,210,female,2008,4300
P0055,Adelie,Biscoe,41.4,18.6,191,male,2008,3700
P0242,Gentoo,Biscoe,47.5,15,218,female,2009,4950
P0214,Gentoo,Biscoe,45.7,13.9,214,female,2008,4400
P0273,Gentoo,Biscoe,45.2,14.8,212,female,2009,5200
P0085,Adelie,Dream,41.3,20.3,194,male,2008,3550
P0021,Adelie,Biscoe,37.7,18.7,180,male,2007,3600
P0181,Gentoo,Biscoe,50,15.3,220,male,2007,5550
P0227,Gentoo,Biscoe,48.6,16,230,male,2008,5800
P0101,Adelie,Biscoe,41,20,203,male,2009,4725
P0198,Gentoo,Biscoe,45.5,13.9,210,female,2008,4200
P0068,Adelie,Torgersen,35.9,16.6,190,female,2008,3050
P0124,Adelie,Torgersen,35.2,15.9,186,female,2009,3050
P0279,Chinstrap,Dream,52.7,19.8,197,male,2007,3725
P0003,Adelie,Torgersen,40.3,18,195,female,2007,3250
P0232,Gentoo,Biscoe,49.1,14.5,212,female,2009,4625
P0137,Adelie,Dream,40.2,20.1,200,male,2009,3975
P0191,Gentoo,Biscoe,48.7,15.7,208,male,2008,5350
P0062,Adelie,Biscoe,37.6,17,185,female,2008,3600
P0215,Gentoo,Biscoe,54.3,15.7,231,male,2008,5650
P0083,Adelie,Torgersen,35.1,19.4,193,male,2008,4200
P0326,Chinstrap,Dream,51.4,19,201,male,2009,3950
P0262,Gentoo,Biscoe,50.5,15.2,216,female,2009,5000
P0180,Gentoo,Biscoe,48.2,14.3,210,female,2007,4600
P0285,Chinstrap,Dream,46.6,17.8,,female,2007,3800
P0248,Gentoo,Biscoe,49.4,15.8,216,male,2009,4925
P0045,Adelie,Dream,39.6,18.8,190,male,2007,4600
P0162,Gentoo,Biscoe,40.9,13.7,214,female,2007,4650
P0240,Gentoo,Biscoe,47.5,14,212,female,2009,4875
P0103,Adelie,Biscoe,37.8,20,190,male,2009,4250
P0018,Adelie,Torgersen,34.4,18.4,184,female,2007,3325
P0297,Chinstrap,Dream,43.2,16.6,187,female,2007,2900
P0255,Gentoo,Biscoe,49.1,15,228,male,2009,5500
P0087,Adelie,Dream,36.9,18.6,189,female,2008,3500
P0244,Gentoo,Biscoe,45.5,14.5,212,female,2009,4750
P0280,Chinstrap,Dream,45.2,17.8,198,female,2007,3950
P0239,Gentoo,Biscoe,51.3,14.2,218,male,2009,5300
P0190,Gentoo,Biscoe,44,13.6,208,female,2008,4350
P0044,Adelie,Dream,37,16.9,185,female,2007,3000
P0250,Gentoo,Biscoe,48.4,14.4,203,female,2009,4625
P0303,Chinstrap,Dream,46.4,17.8,191,female,2008,3700
P0032,Adelie,Dream,39.5,17.8,188,female,2007,3300
P0338,Chinstrap,Dream,55.8,19.8,207,male,2009,4000
P0334,Chinstrap,Dream,45.6,19.4,194,female,2009,3525
P0078,Adelie,Torgersen,36.2,16.1,187,female,2008,3550
P0084,Adelie,Dream,37.3,17.8,191,female,2008,3350
P0322,Chinstrap,Dream,49,19.6,212,male,2009,4300
P0249,Gentoo,Biscoe,46.9,14.6,222,female,2009,4875
P0153,Gentoo,Biscoe,50,16.3,230,male,2007,5700
P0007,Adelie,Torgersen,39.2,19.6,195,male,2007,4675
P0091,Adelie,Dream,41.1,18.1,205,male,2008,4300
P0089,Adelie,Dream,38.9,18.8,190,female,2008,3600
P0014,Adelie,Torgersen,34.6,21.1,198,male,2007,4400
P0019,Adelie,Torgersen,46,21.5,194,male,2007,4200
P0165,Gentoo,Biscoe,48.4,14.6,213,male,2007,5850
P0028,Adelie,Biscoe,37.9,18.6,172,female,2007,3150
P0209,Gentoo,Biscoe,45.5,15,220,male,2008,5000
P0097,Adelie,Dream,40.3,18.5,196,male,2008,4350
P0229,Gentoo,Biscoe,51.1,16.3,220,male,2008,6000
P0134,Adelie,Dream,38.1,17.6,187,female,2009,3425
P0039,Adelie,Dream,39.8,19.1,184,male,2007,4650
P0100,Adelie,Biscoe,35,17.9,192,female,2009,3725
P0314,Chinstrap,Dream,53.5,19.9,205,male,2008,4500
P0317,Chinstrap,Dream,50.9,19.1,196,male,2008,3550
P0079,Adelie,Torgersen,42.1,19.1,195,male,2008,4000
P0341,Chinstrap,Dream,50.8,19,210,male,2009,4100
P0182,Gentoo,Biscoe,47.3,15.3,222,male,2007,5250
P0041,Adelie,Dream,40.8,18.4,195,male,2007,3900
P0107,Adelie,Biscoe,38.2,20,190,male,2009,3900
P0203,Gentoo,Biscoe,48.5,14.1,220,male,2008,5300
P0238,Gentoo,Biscoe,43.4,14.4,218,female,2009,4600
P0130,Adelie,Torgersen,38.5,17.9,190,female,2009,3325
P0154,Gentoo,Biscoe,48.7,14.1,210,female,2007,4450
P0034,Adelie,Dream,36.4,17,195,female,2007,3325
P0287,Chinstrap,Dream,47,17.3,185,female,2007,3700
P0122,Adelie,Torgersen,40.2,17,176,female,2009,3450
P0058,Adelie,Biscoe,36.5,16.6,181,female,2008,2850
P0195,Gentoo,Biscoe,49.6,15,216,male,2008,4750
P0035,Adelie,Dream,39.2,21.1,196,male,2007,4150
P0329,Chinstrap,Dream,42.5,17.3,187,female,2009,3350
P0126,Adelie,Torgersen,38.8,17.6,191,female,2009,3275
P0312,Chinstrap,Dream,52,20.7,210,male,2008,4800
P0313,Chinstrap,Dream,46.9,16.6,192,female,2008,2700
P0171,Gentoo,Biscoe,48.7,15.1,222,male,2007,5350
P0081,Adelie,Torgersen,42.9,17.6,196,male,2008,4700
P0335,Chinstrap,Dream,51.9,19.5,206,male,2009,3950
P0318,Chinstrap,Dream,45.5,17,196,female,2008,3500
P0092,Adelie,Dream,34,17.1,185,female,2008,3400
P0163,Gentoo,Biscoe,49,16.1,216,male,2007,5550
P0172,Gentoo,Biscoe,50.2,14.3,218,male,2007,5700
P0309,Chinstrap,Dream,49.7,18.6,195,male,2008,3600
P0293,Chinstrap,Dream,46.4,18.6,190,female,2007,3450
P0320,Chinstrap,Dream,50.8,18.5,201,male,2009,4450
P0012,Adelie,Torgersen,41.1,17.6,182,female,2007,3200
P0308,Chinstrap,Dream,51,18.8,,male,2008,4100
P0031,Adelie,Dream,37.2,18.1,178,male,2007,3900
P0064,Adelie,Biscoe,36.4,17.1,184,female,2008,2850
P0330,Chinstrap,Dream,52.2,18.8,197,male,2009,3450
P0157,Gentoo,Biscoe,46.5,13.5,210,female,2007,4550
P0022,Adelie,Biscoe,35.9,19.2,189,female,2007,3800
P0140,Adelie,Dream,40.2,17.1,193,female,2009,3400
P0149,Adelie,Dream,37.8,18.1,193,male,2009,3750
P0210,Gentoo,Biscoe,43.2,14.5,208,female,2008,4450
P0001,Adelie,Torgersen,39.1,18.7,181,male,2007,3750
P0024,Adelie,Biscoe,38.8,17.2,180,male,2007,3800
P0004,Adelie,Torgersen,36.7,19.3,193,female,2007,3450
P0337,Chinstrap,Dream,45.7,17,195,female,2009,3650
P0038,Adelie,Dream,37.6,19.3,181,female,2007,3300
P0106,Adelie,Biscoe,38.6,17.2,199,female,2009,3750
P0192,Gentoo,Biscoe,42.7,13.7,208,female,2008,3950
P0050,Adelie,Biscoe,39.6,17.7,186,female,2008,3500
P0025,Adelie,Biscoe,35.3,18.9,187,female,2007,3800
P0095,Adelie,Dream,40.8,18.9,208,male,2008,4300
P0267,Gentoo,Biscoe,55.1,16,230,male,2009,5850
P0069,Adelie,Torgersen,41.8,19.4,198,male,2008,4450
P0167,Gentoo,Biscoe,49.3,15.7,217,male,2007,5850
P0295,Chinstrap,Dream,42.4,17.3,181,female,2007,3600
P0336,Chinstrap,Dream,46.8,16.5,189,female,2009,3650
P0305,Chinstrap,Dream,40.9,16.6,187,female,2008,3200
P0290,Chinstrap,Dream,50.5,19.6,201,male,2007,4050
P0109,Adelie,Biscoe,43.2,19,197,male,2009,4775
P0302,Chinstrap,Dream,49.5,19,200,male,2008,3800
P0116,Adelie,Torgersen,38.6,17,188,female,2009,2900
P0253,Gentoo,Biscoe,55.9,17,228,male,2009,5600
P0132,Adelie,Dream,36.8,18.5,193,female,2009,3500
P0201,Gentoo,Biscoe,45.2,15.8,215,male,2008,5300
P0184,Gentoo,Biscoe,45.1,14.5,207,female,2007,5050
P0177,Gentoo,Biscoe,46.1,15.1,215,male,2007,5100
P0113,Adelie,Biscoe,42.2,19.5,197,male,2009,4275
P0282,Chinstrap,Dream,51.3,18.2,197,male,2007,3750
P0208,Gentoo,Biscoe,43.8,13.9,208,female,2008,4300
P0258,Gentoo,Biscoe,,14.7,210,female,2009,4700
P0275,Chinstrap,Dream,46.5,17.9,192,female,2007,3500
P0082,Adelie,Torgersen,36.7,18.8,187,female,2008,3800
P0075,Adelie,Torgersen,42.8,18.5,195,male,2008,4250
P0213,Gentoo,Biscoe,46.2,14.9,221,male,2008,5300
P0009,Adelie,Torgersen,42,20.2,190,,2007,4250
P0233,Gentoo,Biscoe,52.5,15.6,221,male,2009,5450
P0170,Gentoo,Biscoe,46.2,14.5,209,female,2007,4800
P0143,Adelie,Dream,40.7,17,190,male,2009,3725
P0112,Adelie,Biscoe,39.7,17.7,193,female,2009,3200
P0207,Gentoo,Biscoe,45,15.4,220,male,2008,5050
P0128,Adelie,Torgersen,39,17.1,191,female,2009,3050
P0212,Gentoo,Biscoe,45.3,13.8,208,female,2008,4200
P0197,Gentoo,Biscoe,43.6,13.9,217,female,2008,4900
P0131,Adelie,Torgersen,43.1,19.2,197,male,2009,3500
P0120,Adelie,Torgersen,36.2,17.2,187,female,2009,3150
P0125,Adelie,Torgersen,40.6,19,199,male,2009,4000
P0178,Gentoo,Biscoe,44.5,14.3,216,,2007,4100
P0283,Chinstrap,Dream,46,18.9,195,female,2007,4150
P0052,Adelie,Biscoe,35,17.9,190,female,2008,3450
P0236,Gentoo,Biscoe,44.9,13.8,212,female,2009,4750
P0185,Gentoo,Biscoe,59.6,17,230,male,2007,6050
P0251,Gentoo,Biscoe,51.1,16.5,225,male,2009,5250
P0311,Chinstrap,Dream,47.6,18.3,195,female,2008,3850
P0077,Adelie,Torgersen,37.2,19.4,184,male,2008,3900
P0017,Adelie,Torgersen,42.5,20.7,197,male,2007,4500
P0005,Adelie,Torgersen,39.3,20.6,190,male,2007,3650
P0138,Adelie,Dream,37,16.5,185,female,2009,3400
P0151,Adelie,Dream,41.5,18.5,201,male,2009,4000
P0104,Adelie,Biscoe,37.9,18.6,193,female,2009,2925
P0222,Gentoo,Biscoe,47.7,15,216,female,2008,4750
P0270,Gentoo,Biscoe,47.2,13.7,214,female,2009,4925
P0288,Chinstrap,Dream,52,18.1,201,male,2007,4050
P0257,Gentoo,Biscoe,46.8,16.1,215,male,2009,5500
P0158,Gentoo,Biscoe,45.4,14.6,211,female,2007,4800
P0206,Gentoo,Biscoe,46.5,14.4,217,female,2008,4900
P0323,Chinstrap,Dream,51.5,18.7,187,male,2009,3250
P0278,Chinstrap,Dream,45.4,18.7,188,female,2007,3525
P0234,Gentoo,Biscoe,47.4,14.6,212,female,2009,4725
P0063,Adelie,Biscoe,41.1,18.2,192,male,2008,4050
P0118,Adelie,Torgersen,35.7,17,189,female,2009,3350
P0247,Gentoo,Biscoe,50.8,15.7,226,male,2009,5200
P0310,Chinstrap,Dream,47.5,16.8,199,female,2008,3900
P0241,Gentoo,Biscoe,52.1,17,230,male,2009,5550
P0220,Gentoo,Biscoe,43.5,14.2,220,female,2008,4700
P0053,Adelie,Biscoe,42,19.5,,male,2008,4050
P0268,Gentoo,Biscoe,44.5,15.7,217,,2009,4875
P0026,Adelie,Biscoe,40.6,18.6,183,male,2007,3550
P0067,Adelie,Biscoe,41.1,19.1,188,male,2008,4100
P0115,Adelie,Biscoe,42.7,18.3,,male,2009,4075
P0307,Chinstrap,Dream,42.5,16.7,187,female,2008,3350
P0266,Gentoo,Biscoe,46.2,14.1,217,female,2009,4375
P0319,Chinstrap,Dream,50.9,17.9,,female,2009,3675
P0246,Gentoo,Biscoe,44.5,14.7,214,female,2009,4850
P0289,Chinstrap,Dream,45.9,17.1,190,female,2007,3575
P0342,Chinstrap,Dream,50.2,18.7,198,female,2009,3775
P0133,Adelie,Dream,37.5,18.5,199,male,2009,4475
P0269,Gentoo,Biscoe,48.8,16.2,222,male,2009,6000
P0324,Chinstrap,Dream,49.8,17.3,198,female,2009,3675
P0327,Chinstrap,Dream,45.7,17.3,193,female,2009,3600
P0260,Gentoo,Biscoe,43.3,14,208,female,2009,4575
P0218,Gentoo,Biscoe,46.2,14.4,214,,2008,4650
P0060,Adelie,Biscoe,35.7,16.9,185,female,2008,3150
P0256,Gentoo,Biscoe,47.3,13.8,216,,2009,4725
P0284,Chinstrap,Dream,51.3,19.9,198,male,2007,3700
P0300,Chinstrap,Dream,52,19,197,male,2007,4150
P0205,Gentoo,Biscoe,50.1,15,225,male,2008,5000
P0047,Adelie,Dream,37.5,18.9,179,,2007,2975
P0217,Gentoo,Biscoe,49.8,16.8,230,male,2008,5700
P0237,Gentoo,Biscoe,50.8,17.3,228,male,2009,5600
P0187,Gentoo,Biscoe,48.4,16.3,220,male,2008,5400
P0189,Gentoo,Biscoe,44.4,17.3,219,male,2008,5250
P0013,Adelie,Torgersen,38.6,21.2,191,male,2007,3800
P0159,Gentoo,Biscoe,46.7,15.3,219,male,2007,5200
P0296,Chinstrap,Dream,48.5,17.5,191,male,2007,3400
P0073,Adelie,Torgersen,45.8,18.9,197,male,2008,4150
P0235,Gentoo,Biscoe,50,15.9,224,male,2009,5350
P0331,Chinstrap,Dream,45.2,16.6,191,female,2009,3250
P0150,Adelie,Dream,36,17.1,187,female,2009,3700
P0276,Chinstrap,Dream,50,19.5,196,male,2007,3900
P0286,Chinstrap,Dream,51.7,20.3,194,male,2007,3775
P0046,Adelie,Dream,41.1,19,182,male,2007,3425
P0175,Gentoo,Biscoe,46.3,15.8,215,male,2007,5050
P0040,Adelie,Dream,36.5,18,182,female,2007,3150
P0263,Gentoo,Biscoe,,15.9,229,male,2009,5950
P0193,Gentoo,Biscoe,49.6,16,225,male,2008,5700
P0183,Gentoo,Biscoe,42.8,14.2,209,female,2007,4700
P0179,Gentoo,Biscoe,47.8,15,215,male,2007,5650
P0129,Adelie,Torgersen,44.1,18,210,male,2009,4000
P0204,Gentoo,Biscoe,45.1,14.4,210,female,2008,4400
P0108,Adelie,Biscoe,38.1,17,181,female,2009,3175
P0161,Gentoo,Biscoe,46.8,15.4,215,male,2007,5150
P0339,Chinstrap,Dream,43.5,18.1,202,female,2009,3400
P0006,Adelie,Torgersen,38.9,17.8,181,female,2007,3625
P0231,Gentoo,Biscoe,45.2,16.4,223,male,2008,5950
P0051,Adelie,Biscoe,40.1,18.9,188,male,2008,4300
P0148,Adelie,Dream,36,17.8,195,female,2009,3450
P0057,Adelie,Biscoe,40.6,18.8,193,male,2008,3800
P0042,Adelie,Dream,36,18.5,186,female,2007,3100
P0315,Chinstrap,Dream,49,19.5,210,male,2008,3950
P0002,Adelie,Torgersen,39.5,17.4,186,female,2007,3800
P0123,Adelie,Torgersen,41.4,18.5,202,male,2009,3875
P0226,Gentoo,Biscoe,46.4,15,216,female,2008,4700
P0301,Chinstrap,Dream,50.5,18.4,200,female,2008,3400
P0252,Gentoo,Biscoe,48.5,15,219,female,2009,4850
P0281,Chinstrap,Dream,46.1,18.2,178,female,2007,3250
P0294,Chinstrap,Dream,49.2,18.2,195,male,2007,4400
P0216,Gentoo,Biscoe,45.8,14.2,219,female,2008,4700
